{"cameraMode":{"drawMode":0,"name":"Shaded","section":"Shading Mode"},"sceneLighting":true,"audioPlay":false,"sceneViewState":{"m_AlwaysRefresh":false,"showFog":true,"showSkybox":true,"showFlares":true,"showImageEffects":true,"showParticleSystems":true,"showVisualEffectGraphs":true,"m_FxEnabled":true},"in2DMode":false,"pivot":{"x":-2.3729352951049806,"y":9.395084381103516,"z":15.164809226989746},"rotation":{"x":-0.11823445558547974,"y":0.7963770031929016,"z":-0.5697433948516846,"w":-0.16526871919631959},"size":21.208086013793947,"orthographic":true}